{"count":1,"self":79842.213888,"total":79842.3397168,"children":{"InitializeActuators":{"count":10,"self":0.0010345999999999999,"total":0.0010345999999999999,"children":null},"InitializeSensors":{"count":10,"self":0,"total":0,"children":null},"AgentSendState":{"count":3804,"self":0.0055931999999999996,"total":0.0174325,"children":{"CollectObservations":{"count":1500,"self":0.0052480999999999995,"total":0.0052480999999999995,"children":null},"WriteActionMask":{"count":1500,"self":0.00051249999999999993,"total":0.00051249999999999993,"children":null},"RequestDecision":{"count":1500,"self":0.0060786999999999994,"total":0.0060786999999999994,"children":null}}},"DecideAction":{"count":3804,"self":0.0467681,"total":0.0467681,"children":null},"AgentAct":{"count":3804,"self":0.0580993,"total":0.0580993,"children":null}},"gauges":{},"metadata":{"timer_format_version":"0.1.0","start_time_seconds":"1736124621","unity_version":"6000.0.28f1","command_line_arguments":"C:\\Program Files\\Unity\\Hub\\Editor\\6000.0.28f1\\Editor\\Unity.exe -projectpath C:\\Users\\chrmg\\OneDrive\\Documents\\Unity\\Shoot The Jayden -useHub -hubIPC -cloudEnvironment production","communication_protocol_version":"1.5.0","com.unity.ml-agents_version":"3.0.0","scene_name":"End","end_time_seconds":"1736204463"}}