{"count":1,"self":109.348096,"total":110.0937778,"children":{"InitializeActuators":{"count":10,"self":0.0020193999999999998,"total":0.0020193999999999998,"children":null},"InitializeSensors":{"count":10,"self":0.00051439999999999993,"total":0.00051439999999999993,"children":null},"AgentSendState":{"count":5121,"self":0.023776699999999998,"total":0.0718268,"children":{"CollectObservations":{"count":8340,"self":0.025057299999999998,"total":0.025057299999999998,"children":null},"WriteActionMask":{"count":8340,"self":0.0077643999999999994,"total":0.0077643999999999994,"children":null},"RequestDecision":{"count":8340,"self":0.0152284,"total":0.0152284,"children":null}}},"DecideAction":{"count":5121,"self":0.2730775,"total":0.2730775,"children":null},"AgentAct":{"count":5121,"self":0.3982465,"total":0.3982465,"children":null}},"gauges":{},"metadata":{"timer_format_version":"0.1.0","start_time_seconds":"1735509693","unity_version":"6000.0.28f1","command_line_arguments":"C:\\Program Files\\Unity\\Hub\\Editor\\6000.0.28f1\\Editor\\Unity.exe -projectpath C:\\Users\\chrmg\\OneDrive\\Documents\\Unity\\Shoot The Jayden -useHub -hubIPC -cloudEnvironment production","communication_protocol_version":"1.5.0","com.unity.ml-agents_version":"3.0.0","scene_name":"End","end_time_seconds":"1735509803"}}