{"count":1,"self":30.254195199999998,"total":30.4684597,"children":{"InitializeActuators":{"count":10,"self":0.0010073,"total":0.0010073,"children":null},"InitializeSensors":{"count":10,"self":0.0010352,"total":0.0010352,"children":null},"AgentSendState":{"count":1148,"self":0.0052231,"total":0.022041099999999997,"children":{"CollectObservations":{"count":2300,"self":0.010192699999999999,"total":0.010192699999999999,"children":null},"WriteActionMask":{"count":2300,"self":0.0005145,"total":0.0005145,"children":null},"RequestDecision":{"count":2300,"self":0.0061107999999999996,"total":0.0061107999999999996,"children":null}}},"DecideAction":{"count":1148,"self":0.08935549999999999,"total":0.08935549999999999,"children":null},"AgentAct":{"count":1148,"self":0.10082479999999999,"total":0.10082479999999999,"children":null}},"gauges":{},"metadata":{"timer_format_version":"0.1.0","start_time_seconds":"1735774499","unity_version":"6000.0.28f1","command_line_arguments":"C:\\Program Files\\Unity\\Hub\\Editor\\6000.0.28f1\\Editor\\Unity.exe -projectpath C:\\Users\\chrmg\\OneDrive\\Documents\\Unity\\Shoot The Jayden -useHub -hubIPC -cloudEnvironment production","communication_protocol_version":"1.5.0","com.unity.ml-agents_version":"3.0.0","scene_name":"Game","end_time_seconds":"1735774530"}}