{"count":1,"self":62.135827199999994,"total":62.3320368,"children":{"InitializeActuators":{"count":13,"self":0.0010037,"total":0.0010037,"children":null},"InitializeSensors":{"count":13,"self":0,"total":0,"children":null},"AgentSendState":{"count":2570,"self":0.010177799999999999,"total":0.024913499999999998,"children":{"CollectObservations":{"count":5654,"self":0.0065727999999999993,"total":0.0065727999999999993,"children":null},"WriteActionMask":{"count":5654,"self":0.0035672,"total":0.0035672,"children":null},"RequestDecision":{"count":5654,"self":0.0045956999999999994,"total":0.0045956999999999994,"children":null}}},"DecideAction":{"count":2570,"self":0.024992999999999998,"total":0.024992999999999998,"children":null},"AgentAct":{"count":2570,"self":0.14529699999999998,"total":0.14529699999999998,"children":null}},"gauges":{"Jayden.CumulativeReward":{"count":242,"max":0.6,"min":-14725.5137,"runningAverage":-2268.1062,"value":-801.400269,"weightedAverage":-804.075134}},"metadata":{"timer_format_version":"0.1.0","start_time_seconds":"1734913891","unity_version":"6000.0.28f1","command_line_arguments":"C:\\Program Files\\Unity\\Hub\\Editor\\6000.0.28f1\\Editor\\Unity.exe -projectpath C:\\Users\\chrmg\\OneDrive\\Documents\\Unity\\Shoot The Jayden -useHub -hubIPC -cloudEnvironment production","communication_protocol_version":"1.5.0","com.unity.ml-agents_version":"3.0.0","scene_name":"Game","end_time_seconds":"1734913953"}}