{
    "name": "root",
    "gauges": {
        "Jayden.Policy.Entropy.mean": {
            "value": 1.6094377040863037,
            "min": 1.6094375848770142,
            "max": 1.6094377040863037,
            "count": 2
        },
        "Jayden.Policy.Entropy.sum": {
            "value": 80446.1328125,
            "min": 80446.1328125,
            "max": 81579.171875,
            "count": 2
        },
        "Jayden.Step.mean": {
            "value": 99968.0,
            "min": 49984.0,
            "max": 99968.0,
            "count": 2
        },
        "Jayden.Step.sum": {
            "value": 99968.0,
            "min": 49984.0,
            "max": 99968.0,
            "count": 2
        },
        "Jayden.Policy.ExtrinsicValueEstimate.mean": {
            "value": 0.0,
            "min": 0.0,
            "max": 0.0,
            "count": 2
        },
        "Jayden.Policy.ExtrinsicValueEstimate.sum": {
            "value": 0.0,
            "min": 0.0,
            "max": 0.0,
            "count": 2
        },
        "Jayden.Losses.PolicyLoss.mean": {
            "value": 0.0,
            "min": 0.0,
            "max": 0.0,
            "count": 2
        },
        "Jayden.Losses.PolicyLoss.sum": {
            "value": 0.0,
            "min": 0.0,
            "max": 0.0,
            "count": 2
        },
        "Jayden.Losses.ValueLoss.mean": {
            "value": 0.0,
            "min": 0.0,
            "max": 0.0,
            "count": 2
        },
        "Jayden.Losses.ValueLoss.sum": {
            "value": 0.0,
            "min": 0.0,
            "max": 0.0,
            "count": 2
        },
        "Jayden.Policy.LearningRate.mean": {
            "value": 0.000255648014784,
            "min": 0.000255648014784,
            "max": 0.00028416000527999995,
            "count": 2
        },
        "Jayden.Policy.LearningRate.sum": {
            "value": 0.00127824007392,
            "min": 0.0011366400211199998,
            "max": 0.00127824007392,
            "count": 2
        },
        "Jayden.Policy.Epsilon.mean": {
            "value": 0.185216,
            "min": 0.185216,
            "max": 0.19472,
            "count": 2
        },
        "Jayden.Policy.Epsilon.sum": {
            "value": 0.9260799999999999,
            "min": 0.77888,
            "max": 0.9260799999999999,
            "count": 2
        },
        "Jayden.Policy.Beta.mean": {
            "value": 0.0042622784000000006,
            "min": 0.0042622784000000006,
            "max": 0.004736528,
            "count": 2
        },
        "Jayden.Policy.Beta.sum": {
            "value": 0.021311392000000002,
            "min": 0.018946112,
            "max": 0.021311392000000002,
            "count": 2
        },
        "Jayden.IsTraining.mean": {
            "value": 1.0,
            "min": 1.0,
            "max": 1.0,
            "count": 2
        },
        "Jayden.IsTraining.sum": {
            "value": 1.0,
            "min": 1.0,
            "max": 1.0,
            "count": 2
        }
    },
    "metadata": {
        "timer_format_version": "0.1.0",
        "start_time_seconds": "1734308628",
        "python_version": "3.10.11 (tags/v3.10.11:7d4cc5a, Apr  5 2023, 00:38:17) [MSC v.1929 64 bit (AMD64)]",
        "command_line_arguments": "C:\\Users\\chrmg\\OneDrive\\Documents\\Unity\\Shoot The Jayden\\venv\\Scripts\\mlagents-learn",
        "mlagents_version": "1.1.0",
        "mlagents_envs_version": "1.1.0",
        "communication_protocol_version": "1.5.0",
        "pytorch_version": "2.2.2+cu121",
        "numpy_version": "1.23.5",
        "end_time_seconds": "1734308856"
    },
    "total": 228.26755499999854,
    "count": 1,
    "self": 0.003305899997940287,
    "children": {
        "run_training.setup": {
            "total": 0.08903099999588449,
            "count": 1,
            "self": 0.08903099999588449
        },
        "TrainerController.start_learning": {
            "total": 228.1752181000047,
            "count": 1,
            "self": 0.10224790080974344,
            "children": {
                "TrainerController._reset_env": {
                    "total": 35.780023699990124,
                    "count": 1,
                    "self": 35.780023699990124
                },
                "TrainerController.advance": {
                    "total": 192.21117669920204,
                    "count": 9897,
                    "self": 0.09004069911316037,
                    "children": {
                        "env_step": {
                            "total": 179.91991290041187,
                            "count": 9897,
                            "self": 149.86722610061406,
                            "children": {
                                "SubprocessEnvManager._take_step": {
                                    "total": 29.98190640012035,
                                    "count": 9897,
                                    "self": 0.3536259999818867,
                                    "children": {
                                        "TorchPolicy.evaluate": {
                                            "total": 29.628280400138465,
                                            "count": 9897,
                                            "self": 29.628280400138465
                                        }
                                    }
                                },
                                "workers": {
                                    "total": 0.07078039967746008,
                                    "count": 9896,
                                    "self": 0.0,
                                    "children": {
                                        "worker_root": {
                                            "total": 130.52567829990585,
                                            "count": 9896,
                                            "is_parallel": true,
                                            "self": 49.17782919993624,
                                            "children": {
                                                "steps_from_proto": {
                                                    "total": 0.00034139999479521066,
                                                    "count": 1,
                                                    "is_parallel": true,
                                                    "self": 0.000149500003317371,
                                                    "children": {
                                                        "_process_rank_one_or_two_observation": {
                                                            "total": 0.00019189999147783965,
                                                            "count": 2,
                                                            "is_parallel": true,
                                                            "self": 0.00019189999147783965
                                                        }
                                                    }
                                                },
                                                "UnityEnvironment.step": {
                                                    "total": 81.34750769997481,
                                                    "count": 9896,
                                                    "is_parallel": true,
                                                    "self": 0.5667362005187897,
                                                    "children": {
                                                        "UnityEnvironment._generate_step_input": {
                                                            "total": 0.8532261999789625,
                                                            "count": 9896,
                                                            "is_parallel": true,